Monday,11/23/2015,3:30 PM,4:30 PM,Gardens,OtherSkills,Accelerator,
Monday,11/23/2015,4:45 PM,5:45 PM,Gardens,Practice,Atom C2
Monday,11/23/2015,5:30 PM,6:45 PM,Igloo,Practice,Peewee A1
Monday,11/23/2015,7:45 PM,9:00 PM,OvalSouth,Game,Unknown,RichmondGirls Juvenile C1,VancouverGirls Juvenile C1,
Tuesday,11/24/2015,6:00 AM,7:15 AM,Garage,Practice,Bantam A1
Tuesday,11/24/2015,4:00 PM,5:30 PM,Igloo,Practice,TC1/TC2
Tuesday,11/24/2015,5:30 PM,6:45 PM,Igloo,Practice,NC1/NC2
Tuesday,11/24/2015,6:00 PM,7:15 PM,Pond,TeamSkills,Development,PC1/PC2
Tuesday,11/24/2015,7:45 PM,9:00 PM,PortMoody2,Game,League,TriCitiesFemale Peewee A1,RichmondGirls Peewee A1,PL9039
Wednesday,11/25/2015,6:00 AM,7:15 AM,Stadium,Practice,Atom C1
Wednesday,11/25/2015,3:30 PM,4:30 PM,Pond,OtherSkills,Accelerator,
Wednesday,11/25/2015,4:45 PM,5:45 PM,Pond,TeamSkills,Development,AC1/AC2/AC3
Wednesday,11/25/2015,5:00 PM,6:15 PM,Coliseum,TeamSkills,Development,MC1/MC2
Wednesday,11/25/2015,6:00 PM,7:15 PM,Pond,Practice,Bantam A1
Wednesday,11/25/2015,6:30 PM,7:45 PM,Coliseum,Game,League,RichmondGirls Bantam A1,NorthShoreFemale Bantam A1,BL9013
Wednesday,11/25/2015,6:45 PM,8:00 PM,Tilbury,Game,League,SouthDeltaFemale Atom C1,RichmondGirls Atom C2,AL9210
Wednesday,11/25/2015,8:15 PM,9:30 PM,AbbotsfordMRC,Game,League,AbbotsfordFemale Midget A1,RichmondGirls Midget A1,ML9001
Thursday,11/26/2015,5:45 PM,7:00 PM,Pond,Practice,Peewee C2
Thursday,11/26/2015,6:15 PM,7:30 PM,HarryJerome,Game,League,NorthShoreFemale Peewee C2,RichmondGirls Peewee C2,PL9717
Thursday,11/26/2015,6:30 PM,8:00 PM,Garage,Game,Unknown,RichmondGirls Midget C1,VancouverGirls Midget C1,
Thursday,11/26/2015,7:30 PM,8:45 PM,SurreyLeisure1,Game,League,SurreyFemale Midget A1,RichmondGirls Midget A1,ML9038
Thursday,11/26/2015,9:45 PM,11:00 PM,AbbotsfordCentreIceBlue,Game,League,AbbotsfordFemale Juvenile C1,RichmondGirls Juvenile C1,JL9012
Friday,11/27/2015,6:00 AM,7:15 AM,Coliseum,Practice,Peewee A1
Friday,11/27/2015,4:45 PM,6:00 PM,Igloo,Practice,Peewee C1
Friday,11/27/2015,6:15 PM,7:30 PM,Igloo,Game,League,RichmondGirls Atom C1,SurreyFemale Atom C1,AL9004
Friday,11/27/2015,7:45 PM,9:15 PM,Igloo,Game,League,RichmondGirls Midget A1,AbbotsfordFemale Midget A1,ML9018
Friday,11/27/2015,8:30 PM,10:00 PM,Silver,Game,League,RichmondGirls Midget C2,AbbotsfordFemale Midget C2,ML9711
Saturday,11/28/2015,7:00 AM,8:00 AM,Stadium,OtherSkills,Goalies,
Saturday,11/28/2015,7:15 AM,8:30 AM,Pond,SpecialEvent,Development,Referees
Saturday,11/28/2015,8:15 AM,9:15 AM,Stadium,TeamSkills,Development,NC1/NC2
Saturday,11/28/2015,9:30 AM,10:45 AM,Coliseum,Game,League,RichmondGirls Peewee A1,VancouverGirls Peewee A1,PL9040
Saturday,11/28/2015,9:30 AM,10:30 AM,Stadium,TeamSkills,Development,TC1/TC2
Saturday,11/28/2015,11:45 AM,1:00 PM,Pond,Practice,Atom C1
Saturday,11/28/2015,1:15 PM,2:30 PM,Pond,Game,League,RichmondGirls Peewee C2,AbbotsfordFemale Peewee C1,PL9711
Saturday,11/28/2015,4:00 PM,5:30 PM,Igloo,Available
Saturday,11/28/2015,5:00 PM,6:00 PM,OvalSouth,Practice,Midget C2
Saturday,11/28/2015,5:45 PM,7:00 PM,Igloo,Practice,Atom C3
Saturday,11/28/2015,6:15 PM,7:15 PM,OvalSouth,Practice,Midget C1
Sunday,11/29/2015,6:30 AM,7:30 AM,Igloo,Practice,Midget A1
Sunday,11/29/2015,7:45 AM,9:00 AM,Igloo,Game,Unknown,RichmondGirls Tyke C1,RichmondGirls Tyke C2,
Sunday,11/29/2015,8:00 AM,9:15 AM,Coliseum,Game,League,RichmondGirls Peewee C1,TriCitiesFemale Peewee C1,PL9313
Sunday,11/29/2015,8:00 AM,9:00 AM,OvalSouth,Practice,Bantam C1
Sunday,11/29/2015,9:15 AM,10:15 AM,Igloo,Game,League,RichmondGirls Novice C2,NorthShoreFemale Novice C1,NL9507
Sunday,11/29/2015,1:00 PM,2:15 PM,IceSportsNorthShoreBlue,Game,League,NorthShoreFemale Bantam C1,RichmondGirls Bantam C1,BL9314
Sunday,11/29/2015,1:30 PM,3:00 PM,Coliseum,Game,League,RichmondGirls Peewee A1,SurreyFemale Peewee A1,PL9013
Sunday,11/29/2015,3:15 PM,4:45 PM,Coliseum,Game,League,RichmondGirls Bantam A1,SurreyFemale Bantam A1,BL9034
Sunday,11/29/2015,4:00 PM,5:30 PM,Forum,Game,League,RichmondGirls Midget C2,TriCitiesFemale Midget C2,ML9714
Sunday,11/29/2015,4:30 PM,5:45 PM,PlanetIceCoquitlam3,Game,League,TriCitiesFemale Peewee C2,RichmondGirls Peewee C2,PL9713
Sunday,11/29/2015,5:45 PM,7:00 PM,Forum,Game,League,RichmondGirls Atom C3,NorthShoreFemale Atom C3,AL9408
Sunday,11/29/2015,6:00 PM,7:15 PM,Silver,Practice,Midget A1
